{"spot_diameter_fullres": 89.45840480506351, "tissue_hires_scalef": 0.17699115, "fiducial_diameter_fullres": 144.50973083894874, "tissue_lowres_scalef": 0.053097345}