{"spot_diameter_fullres": 89.47827439684397, "tissue_hires_scalef": 0.17211704, "fiducial_diameter_fullres": 144.5418278718249, "tissue_lowres_scalef": 0.051635113}