{"spot_diameter_fullres": 89.51512762105612, "tissue_hires_scalef": 0.17211704, "fiducial_diameter_fullres": 144.6013600032445, "tissue_lowres_scalef": 0.051635113}